{"cameraMode":{"drawMode":0,"name":"Shaded","section":"Shading Mode"},"sceneLighting":false,"audioPlay":false,"sceneViewState":{"showFog":true,"showMaterialUpdate":false,"showSkybox":true,"showFlares":true,"showImageEffects":true,"showParticleSystems":true},"in2DMode":false,"pivot":{"x":-0.6812222003936768,"y":2.0704588890075685,"z":1.4766499996185303},"rotation":{"x":0.006878978107124567,"y":-0.9925466775894165,"z":0.06740836799144745,"w":0.10129176825284958},"size":2.0341312885284426,"orthographic":false}